[{"contact_id":11,"contact_name":"austin","contact_email":"austinbasala@ymail.com","contact_address":"123 street","contact_phone":"123456789","contact_favoriteplace":"u of m","contact_favoriteplaceurl":"canvas.com"},{"contact_id":12,"contact_name":"austin basala","contact_email":"basal006@umn.edu","contact_address":"1108 4th st se, apt 4","contact_phone":"5634680503","contact_favoriteplace":"burger king","contact_favoriteplaceurl":"bklounge.com"},{"contact_id":13,"contact_name":"austin basala","contact_email":"basal006@umn.edu","contact_address":"1108 4th st se, apt 4","contact_phone":"5634680503","contact_favoriteplace":"f","contact_favoriteplaceurl":"a@a.com"},{"contact_id":14,"contact_name":"austin basala","contact_email":"basal006@umn.edu","contact_address":"1108 4th st se, apt 4","contact_phone":"5634680503","contact_favoriteplace":"e","contact_favoriteplaceurl":"bklounge.com"},{"contact_id":15,"contact_name":"user","contact_email":"user@mail.com","contact_address":"1 u","contact_phone":"444","contact_favoriteplace":"google","contact_favoriteplaceurl":"bing"},{"contact_id":16,"contact_name":"fv","contact_email":"basal006@umn.edu","contact_address":"as12","contact_phone":"12312331","contact_favoriteplace":"fda","contact_favoriteplaceurl":"a.com"},{"contact_id":17,"contact_name":"charlie","contact_email":"test@umn.edu","contact_address":"dsfdf","contact_phone":"111","contact_favoriteplace":"place","contact_favoriteplaceurl":"http://www.test.com"},{"contact_id":18,"contact_name":"as","contact_email":"r@w.com","contact_address":"f","contact_phone":"d","contact_favoriteplace":"d","contact_favoriteplaceurl":"www.d.com"}]